ID,Username
0,Tonydorrf
1,tachyon14k
2,Ungotter
3,brainlocki3
4,PPMP
5,Dychotimer
6,BioNighty
7,htwongah
8,CunningLinguist78
9,Jimmy_Jamz
10,Kartigan
11,Fmoran94
12,Mark1130
13,Joel2014
14,Narstrand
15,EnrichedStarGuts
16,cmicha
17,silentxsound
18,dontylw
19,Polono
20,Josefam23
21,m1hune2007
22,LakerChief67
23,Adidas02
24,lemados
25,Pumpkinhead76
26,projectmoonlightcafe
27,bassgonist
28,SpaceAlien
29,stormseeker75
30,deerslurpee
31,Mairus
32,kezcade
33,vdwoord
34,Paletius
35,GenomeHelix
36,3villans
37,Rhes
38,yoshy_33
39,Scaramanga1965
40,cycyx
41,crucial_velocity
42,pluvia33
43,Acward
44,mccar85
45,hatbeard
46,sven8705
47,Chunkmonger
48,notjux
49,Larnth
50,thrake
51,Jades09
52,BuddasMammoth
53,DurangoExile
54,DangerGeek85
55,crynyd
56,gator_ja
57,Reuner
58,FlussBurrito
59,cygnuscrux
60,bigwig30
61,waltermac
62,Moncalf
63,JonnyKage
64,leo707
65,AzraelAsylum
66,jedipanda
67,Dave41fan
68,margrabius
69,wafflebun
70,OGRussHood
71,weidox
72,himokl
73,hyc4089
74,MYKERAN1965
75,Narfbuster
76,Methrin
77,Evabelle
78,ngcx6611
79,bmillerbwm
80,CadizEstocolmo
81,kelvbrown
82,jenf
83,thatthing1999
84,alanB
85,RyanThibault
86,psychomansam
87,aralias1
88,Ba7ke7
89,gap736uk
90,Soelver
91,mawihtec
92,runarm
93,atcho
94,dekdekan
95,Rob Bendig
96,Abinrml
97,meewarwoowoo
98,MarkMagic
99,Imscar
100,Geeken
101,prd1982
102,kalfa
103,UnwiseOwl
104,bob_the_fish_ii
105,TheLudoquist
106,schkff
107,en7kss
108,zigazaur
109,rplea
110,TomVasel
111,Big Hand Jim
112,Kishibe
113,FatherDagon
114,doctorchewy
115,john1771
116,thetba
117,CDrust
118,CarolineBlack
119,oldgoat3769967
120,Firedrake
121,cdlbear
122,ej3ae
123,Benji68
124,drakecoldwinter
125,Bobekistan
126,CrazyCod
127,Stumpy82
128,MrMoo28
129,deathrayoperator
130,CindyV
131,Roxolan
132,Thesp
133,dhogar
134,Challst
135,Brisse
136,Palaeobiologist
137,miller1983
138,johncoxon
139,twisteeees
140,mhillebr
141,Inconmon
142,MrFancypantsz
143,hairyarsenal
144,Belevoix
145,rybaby
146,fjaoaoaoao
147,Graceless
148,TheRocketSurgeon
149,Bigshowfan
150,WarrenS_3
151,SebastianPL1
152,Lozzenger2
153,SteelGoat
154,robvw
155,Pol56
156,Spiralus
157,Bernytheking
158,jd1403
159,onemanlandslide
160,Mexxzes
161,slatersteven
162,euronoob
163,c13ghf
164,Ligeti_Grieg
165,stevejuggler
166,dancj
167,Handballer
168,Mobby
169,ArtfulDodger
170,robkonijn
171,kathuna
172,ToonKrijthe
173,Close2human
174,Joe Casadonte
175,janus
176,Smid
177,Nova
178,j-berman
179,caumont
180,jueja
181,toniemn
182,iorlas
183,CheetohFingers
184,jim69_US
185,Lateks
186,fnord23
187,Walsfeo
188,dizzyl
189,i7dealer
190,ddash
191,FC Dynamo Turbine
192,ssheasby
193,pietlavens
194,TMJJS
195,hauwech
196,Dathkadan
197,brian
198,Count Gregor
199,Racquio
200,evingerm@epix.net
201,Kroupflecken
202,jmdsplotter
203,steroo
204,mirumoto
205,EscaperoomAlkmaar
206,Heatcliff
207,S3ppl
208,uomoelettrico
209,LUMA78
210,Be4tngU
211,inzivro
212,yolandavi
213,Michael Becker
214,Spiderman_
215,Viva
216,Wilco
217,renard
218,mwawra
219,robgrimmett67209
220,loopoocat
221,GrzeL
222,burzykovski
223,Ryan Keane
224,rossum
225,ArmoredYak
226,PzVIE
227,Nortelephan
228,mcl020
229,Jeff
230,Maja Dorn
231,LordofGalaxy
232,cat5brother
233,Kvothe_the_bloodless
234,kuene
235,JDnD
236,Chosensammy
237,Ganlron
238,roberious
239,skslotten
240,exparrot
241,Rookiebatman
242,siziel
243,cbazler
244,Wolfshade
245,Holbronx82
246,Tiggertq
247,Michael_Olsen
248,Driptorch
249,diock20
250,dristanmord
251,p4warrior
252,cowgod
253,dwrigley
254,magicmarshall
255,machiavelli
256,peakhope
257,AlbinWesley
258,Lockridge
259,leffe dubbel
260,StGryphon
261,Animanic
262,Ives_CH
263,trident_job
264,Ottawa_Sens
265,atticusfinch1960
266,Alucardeht
267,RUSH_Rocks
268,vanphanel
269,ProfessorChaos
270,Lochi
271,luispe
272,william4192
273,Sacco
274,eriksdunens
275,csugioka
276,n_and
277,dancingdanslc
278,Steve Be
279,floppei
280,zeroichi
281,grafty9x
282,johnwong882
283,XB_XB
284,Cbast
285,CetchFury
286,guspan
287,Cakej7
288,muskie41
289,rmjordan
290,tuckerotl
291,TigerTailz
292,lordyuric
293,PanzerKraken
294,robearto
295,purma
296,BrianJohnHunt
297,Saigetsu
298,Tangbod
299,Abiteacher
300,RDEide
301,SuperAbobo
302,Perazzi
303,AgentAnderson
304,Dumas13
305,Ossi_Toivonen
306,Steve Larocque
307,SeanXor
308,zombiekipper
309,akaisamurai001
310,VaultBoy
311,Toolman
312,Cantatta
313,obsidian81
314,IA_Kopos
315,waungaer
316,Desert_Witch
317,Lindstrom
318,anibal
319,beorthulf
320,ComplacentBadger
321,fungus1487
322,etonjes
323,Peezorze
324,Condompete
325,CzarGarrett
326,jp4media
327,Tiberiusfox
328,penguinclaptrap
329,Babaloski
330,gruebot
331,TheChin!
332,stickbomb
333,NotCreative
334,Derrick006
335,Blowncover
336,stevemacphisto
337,SandmanSlim
338,brasidas69
339,grimsmirk
340,Atendarius
341,SilverDrake
342,t80u
343,HalfSlothHalfCamel
344,lordunborn
345,ilogico
346,cuzzle
347,thegeneral3000
348,iruliel
349,Demagoge
350,pezboy
351,tomreuhl
352,Cole Burns
353,PaulLiddle
354,Crzybeliever
355,leffe dubbel
356,Shkar
357,ankhx
358,Reticulum
359,DasBilligeAlien
360,navhogan
361,DeviantMagick
362,wa11eye
363,jasksta
364,Czechfan
365,Yacoff
366,Maddog176
367,tovell2121
368,Soviet Hybrid
369,breakmanynecks
370,GeniusLoci
371,Osbad
372,TheGreatWario
373,exparrot
374,Orryp
375,Gamer33
376,corkysru
377,Herringbone
378,Janon
379,hariseldoncwb
380,KingRob
381,hobbesvii
382,Hotntot
383,suella4ever
384,Vexatious
385,cascadianski
386,Pelike
387,stubby_jc
388,Cardboardworld
389,geom79
390,Laboworker
391,spriditis
392,dan_alex
393,WinniBee9
394,Greedee
395,Mrbinford
396,loafboy
397,7-Brainbug
398,Dusemir
399,marioymia
400,Hessu68
401,jancis
402,BebryGamez
403,Trollstoi
404,hummeljt
405,BudsBalkan
406,ChYga22
407,Bort
408,Rumbatz
409,Keating603
410,dbarbaglia
411,boxoftricks_13
412,Arkeo
413,DerSchroeder
414,Dirk.Krause
415,Vaude
416,Jan Torf
417,Slevin678
418,gimli043
419,Andy Parsons
420,Tycho
421,wellevorkanagawa
422,Kweevnidny
423,briandquinn
424,maestriche
425,Wolzad
426,OGRussHood
427,nvidia3dfx
428,Dalor
429,GermanMeepleGames
430,yourDaddy
431,Saxophonist
432,ET83
433,Lawster
434,alleserik
435,Garoo
436,akapastorguy
437,dandp3
438,Rampage2069
439,el_noir
440,Kegelpapa
441,csombesz2
442,zeker
443,Sandrgia
444,J_Smith
445,nemuruotoko
446,Cervantez
447,fulopkr14
448,Ruckelpudding
449,Shyndra
450,Katzula
451,kathuna
452,Borgnexus
453,banz
454,softfairy
455,hessy
456,Odinatos
457,Kether1983
458,bart_b
459,oldgoat3769967
460,hauwech
461,Orphebus
462,Rollon_Stonecrusher
463,Pontymatrac
464,Zebigboss
465,saba2
466,barber
467,stobbesammler
468,Camponotus
469,larryjrice
470,Ghostlex
471,Karatekid80
472,sofriedrich
473,kiwols
474,richa283
475,fibobs
476,HappyHexagon
477,Pfluftl
478,Yings
479,Huph
480,LoneJericho
481,ddash
482,sandokan
483,QuickSteady
484,Janglelier
485,Shanse
486,Blastpop
487,blackytch
488,Bob.Gibson
489,pomazid
490,Ferrano73
491,Patton70
492,pfischer
493,morsi
494,Poppyfields
495,carpa1981
496,Prinz Jaggar
497,armando9990
498,nighttrain54
499,Nap16
500,gallid
501,SBGrad
502,DaMilli
503,sdiberar
504,RockyMountainNavy
505,colmenarez
506,ftstevens
507,mjmelen
508,Lawrence Hung
509,rfdoane
510,mirsik
511,pascalh
512,Christianv
513,rayzg
514,sentient02970
515,zaarin7
516,Shako
517,jhdeerslayer
518,dakerr
519,ilskengravling
520,Shakar
521,DukeofChutney
522,manjai
523,djberg96
524,horhori
525,lroces1969
526,atcho
527,FRANCONY robin
528,Gareth00Simon
529,hierbabuena
530,Kingsoby1
531,DaveKitcat
532,JimWesterfield
533,Seoldair
534,PSIM2
535,dduhamel1
536,macfix
537,oldgoat3769967
538,YellowStapler
539,Historix
540,alaitoc
541,twheeler1961
542,smacphee
543,Talonz
544,yetima
545,marcocim
546,athos
547,claudio212
548,rod3556lhs
549,PMartinezR
550,phorment
551,NerdBoy_
552,nforget
553,MFROIO
554,Lowengrin
555,casadeisogniburritts
556,Dr Bees
557,arnikefi
558,Khexhu
559,Dulgin
560,lacm
561,cfarrell
562,Rodge
563,Sundrumf
564,neogeodk
565,Jcronin72
566,ebaraf
567,krisispm
568,Kibuen
569,GeorgeOP
570,Arakir
571,Wolvercote
572,razclep27
573,TheBoardroomGuelph
574,kratos4ever
575,Mulufuf
576,juggernaut1
577,Tekkactus
578,Loren5324
579,wwdc
580,twise
581,DonDogo
582,ryanking
583,PopeCharming
584,auxierd
585,devaloki
586,Gilnean
587,Eagles
588,luilund73
589,ottobre31
590,pyrytus
591,Faustoxx
592,moramis
593,bozzolom
594,Leonardo Innocenti
595,NOCLOC
596,fiorevita
597,crowchaser
598,JimF
599,etherton
600,marhew
601,punkin312
602,clarbri85
603,MeepleXP
604,cbazler
605,bykkarn
606,Jimmy_volador
607,metelo
608,AngryRedhead
609,sciacca77
610,nikkapo
611,Rakuso
612,greyapple
613,Mitspieler
614,JoergBoerg
615,mrfurious
616,verandi
617,KissellMissile
618,AlasDemigod
619,traico7
620,carontissimo
621,cfarrell
622,bol2ry
623,dsfmagalhaes2
624,Webbe
625,zackdale
626,jmellby
627,gustav_henck
628,Riku Riekkinen
629,Demios
630,Samanosuke73
631,calhorda
632,jogosdomundo
633,ifalunch
634,cuzzle
635,Sintonic
636,Bigshowfan
637,TrentonTron
638,floppei
639,alcides
640,amyr5
641,william4192
642,Jofarin
643,zareck
644,mroozz
645,LuckyTiger32
646,MargaridaFerreira
647,jdk1974
648,seldonita
649,boxoftricks_13
650,Yantur
651,Goldhund
652,MassoelsB
653,ubik76
654,Routs666
655,BelzebuVlad
656,Be4tngU
657,Marazefe
658,pauloantunes
659,TheDungeondad
660,Maggit333
661,laylath
662,duffee
663,Skiznit
664,brainiac122
665,RedMonkeyBoy
666,MJCooper42
667,dazel97
668,ShepWRISTS
669,Irondell
670,GabrielleReads
671,johnoavocado
672,theorycraftist
673,Savage_Collection
674,azezpz1
675,naarnold
676,ryanphillipthompson
677,Dartheyezak
678,fripp21
679,Rmcclead
680,kuma133
681,himokl
682,RodgeRabbit
683,StoryBoardGamer
684,Janitschare
685,Orcoteuthis
686,07cbdj
687,Scholle76
688,Zbylut
689,Thronx
690,Mortenborzag
691,dr_canak
692,acooper1004
693,p33r
694,JoseAbascal69
695,marcodegoede
696,Joustra
697,Poor Yorick
698,bloke_over_there
699,JimF
700,myttyli
701,Vespert
702,nicfatto
703,SebastianPL1
704,Padreic
705,hermanroozen
706,Fasin
707,LukeNL
708,Bojaz100
709,AndreiB
710,Zelti
711,crismo
712,jaylasher
713,zenobi
714,unittype
715,dilago
716,FreakyJP
717,Philipopotamus
718,Dankrupt
719,Docrene
720,Linvala
721,KThVez
722,Risico
723,Ama88
724,despelletjesvrienden
725,robkonijn
726,Bondcraft
727,scsuhusky75
728,Wanderer12
729,andersed
730,frelud88
731,piotrsmu
732,Bryan_Fury
733,GuitarShanks
734,knowie
735,Tanathliath
736,Eendenregen
737,jorgnaumann
738,Peerchen
739,gonzo104
740,kystas
741,jueja
742,xahho
743,Stefan Br√ºck
744,Kosmonaut
745,barber
746,dracoPL
747,bouzza
748,crimescene
749,fenyan
750,fake
751,StenchLord
752,Pantera92
753,Black Dougal
754,Matts15
755,Pola
756,doverboy
757,mrkvm
758,Mamuz
759,drachetanzer
760,scendert
761,nanobastaddo
762,Doodlemonkie
763,MichaelsCatEmporium
764,jaarnold0007
765,Noogs
766,general hoth
767,charlest
768,KidDetective
769,binauralg
770,Drpretorios
771,weezeral
772,rosco83
773,thejadeape
774,Dtph
775,Jbgeetar
776,Tudwell
777,Bixby
778,Vrooman
779,Badger242
780,jstalica
781,thermogimp
782,Feelitmon
783,kwanchai
784,isemko
785,Tzitzimime
786,MplsMatt
787,pistonsfan94
788,vegamikeh
789,dralbright
790,Ludic_Interface
791,dengue
792,ReynardCunningfox
793,cradleofmilk
794,79strat
795,ShallowGravy
796,JAG3000
797,thptr
798,apostateant
799,invader_sAu
800,Posco
801,Justinschaffer
802,U is for Unicron
803,Euktrain
804,Chewychucky
805,raynovich
806,usmint99
807,Shnik
808,knechtbd
809,wapakguy
810,JasonSaastad
811,lushchords
812,eddy_sterckx
813,woodnoggin
814,corporal bloggins
815,Noel Wright
816,tdscott390
817,masama
818,LOEF
819,oldgoat3769967
820,Arkobla Conn
821,diesel2sour
822,U is for Unicron
823,revshafer
824,dduhamel1
825,WildChild82
826,uscaucasus
827,Wargamersince76
828,xrubio
829,Will_B
830,Enrique74
831,Pete Atack
832,airjudden
833,gebs99
834,bfletcher
835,FRANCONY robin
836,gohrns
837,zolle001
838,Dr Bees
839,nsevaux
840,natx17
841,jerrygroen
842,nforget
843,lorodal_66
844,cstimpson
845,wayneb69
846,Articshogun
847,jbudovec
848,melau
849,Khexhu
850,perry555
851,hanh43
852,Hopalong
853,acidshampoo
854,Boromir1983
855,khind
856,khronosTdG
857,Sethicus
858,Posco
859,Moose_Head
860,Jan B
861,enzian1
862,TomVasel
863,roptro
864,Eric Ridley
865,kneumann
866,PzVIE
867,Culkasi
868,evilandy
869,dougadamsau
870,crikeythecat
871,kronik
872,yendi57
873,Prometeo
874,Raldake
875,Pedro777
876,YosT
877,Geeken
878,Boonec
879,The Fixer
880,jean27
881,PBrennan
882,mcpranno
883,oceanodeuegos
884,wizard999
885,altair79
886,Be4tngU
887,ividdythou
888,larryjrice
889,CharlieWonka
890,Largovos
891,Inge
892,rotilio
893,NoDDs
894,Gregarius
895,SCLommel
896,ewm73
897,oldgoat3769967
898,tmgd
899,gonzo104
900,TaliaIsabelle
901,Koert
902,meduvea07
903,rseater
904,RAVENBURG
905,falranx
906,ferradales
907,Shu1984
908,Remirath
909,Jorge Saavedra
910,Julio_Alberto
911,jorgecachoh
912,Davidpit94
913,arde_otra_vez
914,Kudu
915,Feank
916,nicka312
917,pakoito
918,soyyorch
919,lizerg
920,impulseisp
921,Paxete
922,anibal
923,JackTorrance
924,vindex
925,raizguana
926,halbert82
927,calvo
928,francast7
929,stroge
930,Motorkopf
931,allgaeudiver
932,cactusse
933,superbini
934,longblondes
935,Peter The Rat
936,Michael Maschke
937,XcrovaxX
938,petersson8
939,Florian Sohns
940,Galerius
941,JoSch
942,fizzle
943,juuzzom
944,KrazyKatz
945,Ludobus
946,kystas
947,Laryllan
948,oskari
949,chris256
950,jcd2001es
951,Galatolol
952,Schnabeltasse
953,Monkey9485
954,Squeezel
955,Hessu68
956,oskari
957,filliptoo
958,Pyrosocks
959,MrBungle333
960,PoisonKiwi
961,biasedisland
962,Arkeo
963,Chris Sjoholm
964,FunkyBlue
965,Den store aben
966,dinasemrys
967,rjgomes
968,HilkMAN
969,kystas
970,barber
971,PittFanIAm
972,YvainLionKnight
973,fizbanpower
974,kiwols
975,xHOLYxSNIPERx
976,Acciaccatura
977,SeanXor
978,william4192
979,Zafin
980,oldgoat3769967
981,chaochou
982,MulDR
983,Amnese
984,Oldimer
985,SDRobot
986,coralsaw
987,Molly may
988,Tifast
989,meurogeek
990,Walt Mulder
991,zydoz
992,mnb20319
993,Rikmaster
994,hannon
995,pierfederico
996,Lady Mondegreen
997,Tormenta
998,phersu
999,MAAL
